{"GFLOPS": 0.013042953, "graph": {"_type": "graph-file", "sha256": "3649d53c0aec3a80cae97ff0874d5f1efb19b2512101e4e761a299d761b99016", "size": 3302, "path": "media/graph/graph_summary_3649d53c0aec3a80cae9.graph.json"}, "epoch": 29, "_timestamp": 1657130402, "_runtime": 362, "loss": 0.5406285524368286, "accuracy": 0.7700067162513733, "val_loss": 0.5399450063705444, "val_accuracy": 0.7701612710952759, "_step": 30, "best_val_loss": 0.5399450063705444, "best_epoch": 29, "Test Accuracy": 0.7298387289047241, "_wandb": {"runtime": 284}}