{"graph": {"_type": "graph-file", "sha256": "fb2e154bf1f7d40af08139ff516b9d6f81f0066b9e53036056697819d15b7453", "size": 2051, "path": "media/graph/graph_summary_fb2e154bf1f7d40af081.graph.json"}, "epoch": 29, "_timestamp": 1656694852, "_runtime": 3187, "loss": 0.569503664970398, "accuracy": 0.759246826171875, "val_loss": 0.5591894388198853, "val_accuracy": 0.7802419066429138, "_step": 30, "best_val_loss": 0.5591894388198853, "best_epoch": 29, "Test Accuracy": 0.7520161271095276, "_wandb": {"runtime": 3183}}