{"GFLOPS": 0.012917257, "graph": {"_type": "graph-file", "sha256": "d7664ce4e8e9cf75498630c186cc8512a8b887428ff6e6156547257be93f5db0", "size": 3309, "path": "media/graph/graph_summary_d7664ce4e8e9cf754986.graph.json"}, "epoch": 7, "_timestamp": 1657131360, "_runtime": 116, "loss": 1.1832423210144043, "accuracy": 0.5971755385398865, "val_loss": 0.908089280128479, "val_accuracy": 0.5584677457809448, "_step": 7, "best_val_loss": 0.9063126444816589, "best_epoch": 6, "_wandb": {"runtime": 137}}