{"GFLOPS": 0.011946569, "graph": {"_type": "graph-file", "sha256": "ee06b4fe74aed413483aa5d209f90a6722c003365164ed3ebeb2817eb449019d", "size": 3308, "path": "media/graph/graph_summary_ee06b4fe74aed413483a.graph.json"}, "epoch": 29, "_timestamp": 1657131665, "_runtime": 273, "loss": 0.8337432146072388, "accuracy": 0.5870881080627441, "val_loss": 0.8600121736526489, "val_accuracy": 0.5040322542190552, "_step": 29, "best_val_loss": 0.8600121736526489, "best_epoch": 29}