{"GFLOPS": 0.013042953, "graph": {"_type": "graph-file", "sha256": "3649d53c0aec3a80cae97ff0874d5f1efb19b2512101e4e761a299d761b99016", "size": 3302, "path": "media/graph/graph_summary_3649d53c0aec3a80cae9.graph.json"}, "epoch": 29, "_timestamp": 1657130804, "_runtime": 291, "loss": 0.5744657516479492, "accuracy": 0.7444519400596619, "val_loss": 0.5862026214599609, "val_accuracy": 0.7399193644523621, "_step": 29, "best_val_loss": 0.5862026214599609, "best_epoch": 29, "_wandb": {"runtime": 290}}