{"GFLOPS": 0.012931481, "graph": {"_type": "graph-file", "sha256": "a39f227609faea7c6a9dd47a266905863f7a0073c1ad217e67a1e6500246d3a4", "size": 2873, "path": "media/graph/graph_summary_a39f227609faea7c6a9d.graph.json"}, "epoch": 29, "_timestamp": 1657281640, "_runtime": 179, "loss": 0.5679807066917419, "accuracy": 0.7619367837905884, "val_loss": 0.6426849961280823, "val_accuracy": 0.7076612710952759, "_step": 30, "best_val_loss": 0.5685608386993408, "best_epoch": 25, "Test Accuracy": 0.6754032373428345, "_wandb": {"runtime": 166}}