{"graph": {"_type": "graph-file", "sha256": "fb2e154bf1f7d40af08139ff516b9d6f81f0066b9e53036056697819d15b7453", "size": 2051, "path": "media/graph/graph_summary_fb2e154bf1f7d40af081.graph.json"}, "epoch": 13, "_timestamp": 1656695791, "_runtime": 89, "loss": 1.1197782754898071, "accuracy": 0.3389374613761902, "val_loss": 1.1157639026641846, "val_accuracy": 0.3104838728904724, "_step": 13, "best_val_loss": 1.1057803630828857, "best_epoch": 10, "_wandb": {"runtime": 89}}