{"graph": {"_type": "graph-file", "sha256": "fb2e154bf1f7d40af08139ff516b9d6f81f0066b9e53036056697819d15b7453", "size": 2051, "path": "media/graph/graph_summary_fb2e154bf1f7d40af081.graph.json"}, "epoch": 29, "_timestamp": 1656761391, "_runtime": 255, "loss": 0.5595630407333374, "accuracy": 0.7511768937110901, "val_loss": 0.5811334252357483, "val_accuracy": 0.7620967626571655, "_step": 30, "best_val_loss": 0.5739307999610901, "best_epoch": 27, "Test Accuracy": 0.7358871102333069, "_wandb": {"runtime": 149}}