{"graph": {"_type": "graph-file", "sha256": "fb2e154bf1f7d40af08139ff516b9d6f81f0066b9e53036056697819d15b7453", "size": 2051, "path": "media/graph/graph_summary_fb2e154bf1f7d40af081.graph.json"}, "epoch": 29, "_timestamp": 1656760853, "_runtime": 177, "loss": 0.5625436902046204, "accuracy": 0.7538668513298035, "val_loss": 0.6200903654098511, "val_accuracy": 0.7399193644523621, "_step": 30, "best_val_loss": 0.5582608580589294, "best_epoch": 25, "Test Accuracy": 0.7237903475761414, "_wandb": {"runtime": 152}}